gloss,path,classifier_prediction,classifier_probability,nearest_centroid_label,nearest_centroid_distance,nearest_train_label,nearest_train_distance,knn_majority_label,knn_mean_distance,detection_rate,centroid_distance_father,centroid_distance_hello,centroid_distance_is,centroid_distance_my,knn_count_father,knn_count_hello,knn_count_is,knn_count_my
apple,/Users/rancychepchirchir/Projects/lughalab/data/ksl/natural_ood/near/apple_01_signer_01.mov,my,0.6247086524963379,my,14.924390429737905,my,9.467325688186383,my,10.032740562509606,1.0,16.268187757794305,19.711336867270916,17.11520929497437,14.924390429737905,0,0,0,5
apple,/Users/rancychepchirchir/Projects/lughalab/data/ksl/natural_ood/near/apple_02_signer_02.mov,my,0.5567665696144104,my,14.88608809274231,my,10.585061691119542,my,11.217907331160342,1.0,15.851896355158388,20.173067408721423,17.285730076536087,14.88608809274231,0,0,0,5
apple,/Users/rancychepchirchir/Projects/lughalab/data/ksl/natural_ood/near/apple_03_signer_03.mov,my,0.5564835071563721,my,15.349051404558276,my,10.926542083715539,my,11.623912780745728,1.0,16.17619473942113,19.537923532918693,16.923232781929066,15.349051404558276,0,0,0,5
apple,/Users/rancychepchirchir/Projects/lughalab/data/ksl/natural_ood/near/apple_04_signer_04.mov,my,0.4430077075958252,is,16.528729472765864,my,9.587044060118794,my,10.67341107960666,0.9200000166893005,18.454711584722133,17.752682051130677,16.528729472765864,16.823764159015777,0,0,0,5
friend,/Users/rancychepchirchir/Projects/lughalab/data/ksl/natural_ood/near/friend_01_signer_01.mov,my,0.6786747574806213,my,15.403777880841812,my,8.729794377594791,my,9.101478567663415,0.964601993560791,17.353105231053746,19.74818381338523,17.475780137162666,15.403777880841812,0,0,0,5
friend,/Users/rancychepchirchir/Projects/lughalab/data/ksl/natural_ood/near/friend_02_signer_02.mov,my,0.7089582681655884,my,16.24289243390087,my,11.270274903209172,my,11.654594535361209,0.9026550054550171,17.920050157377336,20.431696867788286,18.182043861058663,16.24289243390087,0,0,0,5
friend,/Users/rancychepchirchir/Projects/lughalab/data/ksl/natural_ood/near/friend_03_signer_03.mov,my,0.3925352096557617,is,16.298806523579994,my,11.355251437579573,my,11.966635117407687,0.8199999928474426,17.2594930928383,18.33474810516514,16.298806523579994,16.658743945497548,0,0,0,5
friend,/Users/rancychepchirchir/Projects/lughalab/data/ksl/natural_ood/near/friend_04_signer_04.mov,my,0.5852816104888916,my,15.845169546561694,my,8.273969154740247,my,8.949718922661516,0.8700000047683716,17.89410509585218,18.38616402273511,16.71633346386643,15.845169546561694,0,0,0,5
market,/Users/rancychepchirchir/Projects/lughalab/data/ksl/natural_ood/near/market_01_signer_01.mov,my,0.8165313601493835,my,15.184759312216627,my,7.467310838086232,my,9.985276137915651,0.8217819929122925,18.31962278910989,20.69674689726185,18.93328693014525,15.184759312216627,0,0,0,5
market,/Users/rancychepchirchir/Projects/lughalab/data/ksl/natural_ood/near/market_02_signer_02.mov,my,0.7807062268257141,my,14.406980774493878,my,8.64176163430993,my,10.032909553248098,0.9823009967803955,16.8278007938834,20.46645523022111,18.03895772739485,14.406980774493878,0,0,0,5
market,/Users/rancychepchirchir/Projects/lughalab/data/ksl/natural_ood/near/market_03_signer_03.mov,my,0.7410239577293396,my,13.91271716031961,my,9.388892040544597,my,10.101569287984798,0.7524750232696533,16.26427367077151,18.73236698110015,16.536597547634226,13.91271716031961,0,0,0,5
market,/Users/rancychepchirchir/Projects/lughalab/data/ksl/natural_ood/near/market_04_signer_04.mov,my,0.7610485553741455,my,15.735865777598734,my,8.134777683648617,my,10.41816492719036,0.9399999976158142,18.40941817083316,20.69959771063269,18.724085714694112,15.735865777598734,0,0,0,5
monday,/Users/rancychepchirchir/Projects/lughalab/data/ksl/natural_ood/near/monday_01_signer_01.mov,my,0.6292630434036255,my,14.664652182350475,my,8.081565018498953,my,8.667701440771069,0.991802990436554,15.915038443255302,19.055225633705,16.416955910587397,14.664652182350475,0,0,0,5
monday,/Users/rancychepchirchir/Projects/lughalab/data/ksl/natural_ood/near/monday_02_signer_02.mov,my,0.5503666996955872,my,13.868333814306302,my,9.479618644268808,my,10.198806877757477,1.0,14.441359988452678,19.499652184238318,16.33906673451011,13.868333814306302,0,0,0,5
monday,/Users/rancychepchirchir/Projects/lughalab/data/ksl/natural_ood/near/monday_03_signer_03.mov,my,0.4062938094139099,father,15.156098804146145,my,9.705954359708526,my,11.641157126075218,0.9568970203399658,15.156098804146145,18.060566516098298,15.390043321160952,15.478051308667073,0,0,0,5
monday,/Users/rancychepchirchir/Projects/lughalab/data/ksl/natural_ood/near/monday_04_signer_04.mov,my,0.49361175298690796,is,16.340627000905844,my,8.769449979071526,my,9.693412234702132,0.8799999952316284,18.253090833346317,17.25827281959868,16.340627000905844,16.43297555667814,0,0,0,5
proud,/Users/rancychepchirchir/Projects/lughalab/data/ksl/natural_ood/near/proud_01_signer_01.mov,my,0.7882915735244751,my,16.09693144772479,my,8.970185645827211,my,11.234060262900849,0.9914529919624329,18.803422402634492,21.65735733932195,19.875138485470053,16.09693144772479,0,0,0,5
proud,/Users/rancychepchirchir/Projects/lughalab/data/ksl/natural_ood/near/proud_02_signer_02.mov,my,0.7042745351791382,my,15.188303977357817,my,9.070001361660946,my,9.912713766141234,1.0,17.446460750671083,20.452056578014318,17.98571369324645,15.188303977357817,0,0,0,5
proud,/Users/rancychepchirchir/Projects/lughalab/data/ksl/natural_ood/near/proud_03_signer_03.mov,my,0.6547381281852722,my,14.92136755955771,my,8.936223776387145,my,10.51985584109035,1.0,16.397152387637377,20.49574174929674,17.97210637131665,14.92136755955771,0,0,0,5
proud,/Users/rancychepchirchir/Projects/lughalab/data/ksl/natural_ood/near/proud_04_signer_04.mov,my,0.7093324661254883,my,16.64353934380936,my,8.642121355954714,my,10.395863957771049,1.0,19.207368647612128,20.542636122440197,18.89077346715268,16.64353934380936,0,0,0,5
teach,/Users/rancychepchirchir/Projects/lughalab/data/ksl/natural_ood/near/teach_01_signer_01.mov,my,0.7635954022407532,my,14.74388593398965,my,6.6926162248309415,my,7.827932167638677,0.9636359810829163,17.440525714434877,19.947294507800876,17.598251544282494,14.74388593398965,0,0,0,5
teach,/Users/rancychepchirchir/Projects/lughalab/data/ksl/natural_ood/near/teach_02_signer_02.mov,my,0.7446213960647583,my,14.283273614614323,my,7.463819481483314,my,8.262570154769907,0.9722219705581665,16.754950427742784,19.95754179476381,17.427655835010686,14.283273614614323,0,0,0,5
teach,/Users/rancychepchirchir/Projects/lughalab/data/ksl/natural_ood/near/teach_03_signer_03.mov,my,0.7452201843261719,my,14.311691192206467,my,6.324809823697399,my,7.374294877881238,0.9306929707527161,16.716040309897622,19.33005976452786,17.020735893673123,14.311691192206467,0,0,0,5
teach,/Users/rancychepchirchir/Projects/lughalab/data/ksl/natural_ood/near/teach_04_signer_04.mov,my,0.6446870565414429,my,15.156494133629486,my,6.949005043131365,my,7.7283706277196895,0.8600000143051147,17.685652187520127,18.31242823054523,16.60194409440387,15.156494133629486,0,0,0,5
tortoise,/Users/rancychepchirchir/Projects/lughalab/data/ksl/natural_ood/near/tortoise_01_signer_01.mov,my,0.754914402961731,my,14.850230713861672,my,9.30575481480476,my,10.415925149566027,0.9722219705581665,17.233329313119096,21.20605622767133,19.180630163739103,14.850230713861672,0,0,0,5
tortoise,/Users/rancychepchirchir/Projects/lughalab/data/ksl/natural_ood/near/tortoise_02_signer_02.mov,my,0.732548713684082,my,15.537652333885509,my,10.651834168807486,my,11.302721205990151,1.0,17.850848182182155,21.071367896492337,19.557006643351023,15.537652333885509,0,0,0,5
tortoise,/Users/rancychepchirchir/Projects/lughalab/data/ksl/natural_ood/near/tortoise_03_signer_03.mov,my,0.6763778328895569,my,14.814114481521923,my,9.274153964877987,my,10.940112347542216,0.8769230246543884,16.95245314372996,18.27394772359918,16.775868240696187,14.814114481521923,0,0,0,5
tortoise,/Users/rancychepchirchir/Projects/lughalab/data/ksl/natural_ood/near/tortoise_04_signer_04.mov,my,0.7506963014602661,my,16.56383781967279,my,9.118954059201492,my,11.557886788589851,1.0,19.01236726716294,21.626887505895695,19.611478263527385,16.56383781967279,0,0,0,5
ugali,/Users/rancychepchirchir/Projects/lughalab/data/ksl/natural_ood/near/ugali_01_signer_01.mov,my,0.636085569858551,my,16.74689110117763,my,9.232889044510996,my,12.126825956210725,0.9907410144805908,18.544527306676997,20.671442272675417,18.705576463267477,16.74689110117763,0,0,0,5
ugali,/Users/rancychepchirchir/Projects/lughalab/data/ksl/natural_ood/near/ugali_02_signer_02.mov,my,0.6684038639068604,my,15.898871336999685,my,10.22439388571765,my,11.956874797007298,1.0,17.416990721243405,21.627365580406384,19.05437728621467,15.898871336999685,0,0,0,5
ugali,/Users/rancychepchirchir/Projects/lughalab/data/ksl/natural_ood/near/ugali_03_signer_03.mov,my,0.6288795471191406,my,16.172637546565777,my,9.990838783534034,my,12.308152543478311,1.0,17.581809876747347,21.35275239351301,19.060519356797407,16.172637546565777,0,0,0,5
ugali,/Users/rancychepchirchir/Projects/lughalab/data/ksl/natural_ood/near/ugali_04_signer_04.mov,my,0.6861153244972229,my,16.390177471126954,my,7.7825955849720225,my,11.04911958437265,0.9100000262260437,18.862015781375316,19.844762245493655,18.39213849809046,16.390177471126954,0,0,0,5
